Assay.Block,Terrarium,Indiv.ID,Mass,Foraging.Activity,Novel.Activity,Pred.Activity,Avg.Activity,SCORE,Personality,Stocked.As,Cage.Assign,Exp,Treatment,Stock.Date,CRP_Pop,CRP_Indiv,CRP
1,43,050718_43,0.04,1,2,1,1.3,1,Shy,Shy,1_4,Y,ShyAmbush,Jul-9-18,NA,0.333333333,0.009824284
3,145,130718_145,0.128,0,0,0,0,1,Shy,Shy,4_7,Y,ShyAmbush,Jul-15-18,0.8101,0,0
3,228,130718_228,0.09,0,0,0,0,1,Shy,Shy,4_9,Y,Shy,Jul-15-18,6.2404,0,0
3,228,130718_228,0.09,0,0,0,0,1,Shy,Shy,NA,N,NA,NA,NA,NA,NA
3,145,130718_145,0.128,0,0,0,0,1,Shy,Shy,NA,N,NA,NA,NA,NA,NA
1,110,050718_110,0.03,1,0,1,0.7,1.25,Shy,Shy,1_3,Y,Shy,Jul-9-18,NA,0.333333333,0.027511621
3,235,130718_235,0.04,0,0,0,0,1.25,Shy,Shy,NA,N,NA,NA,NA,NA,NA
3,23,120718_23,0.05,0,0,0,0,1.75,Shy,Shy,NA,N,NA,NA,NA,NA,NA
3,36,120718_36,0.05,0,2,3,1.7,1.8,Shy,Shy,NA,N,NA,NA,NA,NA,NA
3,194,120718_194,0.05,0,1,0,0.3,1.99,Shy,Shy,NA,N,NA,NA,NA,NA,NA
3,133,120718_133,0.06,1,0,0,0.3,2,Shy,Shy,NA,N,NA,NA,NA,NA,NA
3,230,130718_230,0.07,0,0,0,0,2,Shy,Shy,NA,N,NA,NA,NA,NA,NA
3,118,120718_118,0.07,1,0,0,0.3,2.13,Shy,Shy,NA,N,NA,NA,NA,NA,NA
3,70,100718_70,0.03,0,0,0,0,2.24,Shy,Shy,NA,N,NA,NA,NA,NA,NA
1,50,050718_50,0.04,1,0,0,0.3,2.25,Shy,Shy,1_4,Y,ShyAmbush,Jul-9-18,NA,0.333333333,0.009824284
3,201,130718_201,0.134,2,0,0,0.7,2.38,Shy,Shy,4_11,Y,ShyAmbush,Jul-15-18,5.7,0,0
1,72,050718_72,0.05,2,0,0,0.7,2.5,Shy,Shy,1_6,Y,Shy,Jul-9-18,NA,1.333333333,0.110046485
3,155,120718_155,0.1,0,4,0,1.3,2.75,Shy,Shy,NA,N,NA,NA,NA,NA,NA
1,106,050718_106,0.03,0,0,1,0.3,2.88,Shy,Shy,1_3,Y,Shy,Jul-9-18,NA,0.333333333,0.027511621
3,231,130718_231,0.07,0,0,0,0,3,Shy,Shy,NA,N,NA,NA,NA,NA,NA
3,158,120718_158,0.14,0,1,0,0.3,3.04,Shy,Shy,5_3,Y,ShyAmbush,Jul-15-18,8.9545,0.1111,0.01240717
3,226,130718_226,0.06,5,0,0,1.7,3.13,Shy,Shy,NA,N,NA,NA,NA,NA,NA
3,140,130718_140,0.02,0,0,0,0,3.25,Shy,Shy,5_10,Y,ShyAmbush,Jul-15-18,2.4949,0,0
3,140,130718_140,0.02,0,0,0,0,3.25,Shy,Shy,NA,N,NA,NA,NA,NA,NA
3,225,130718_225,0.12,0,1,0,0.3,3.27,Shy,Shy,4_7,Y,ShyAmbush,Jul-15-18,0.8101,0.1111,0.137143563
3,225,130718_225,0.12,0,1,0,0.3,3.27,Shy,Shy,NA,N,NA,NA,NA,NA,NA
3,88,120718_88,0.04,0,0,0,0,3.4,Shy,Shy,NA,N,NA,NA,NA,NA,NA
3,34,100718_34,0.03,5.2,3.6,0,2.9,3.43,Shy,Shy,NA,N,NA,NA,NA,NA,NA
3,19,110718_19,0.03,0,0,0,0,3.45,Shy,Shy,NA,N,NA,NA,NA,NA,NA
3,67,100718_67,0.03,0,0,1,0.3,3.49,Shy,Shy,4_11,Y,ShyAmbush,Jul-15-18,5.7,0,0
3,67,100718_67,0.03,0,0,1,0.3,3.49,Shy,Shy,NA,N,NA,NA,NA,NA,NA
1,100,050718_100,0.04,0,0,0,0,3.5,Shy,Shy,1_3,Y,Shy,Jul-9-18,12.11609195,0,0
1,56,050718_56,0.05,0,0,0,0,3.5,Shy,Shy,1_6,Y,Shy,Jul-9-18,NA,0,0
1,87,050718_87,0.03,0,0,0,0,3.5,Shy,Shy,1_8,Y,ShyAmbush,Jul-9-18,NA,0,0
1,99,050718_99,0.04,0,0,0,0,3.5,Shy,Shy,1_8,Y,ShyAmbush,Jul-9-18,NA,0,0
2,111,090718_111,0.04,0,0,0,0,3.5,Shy,Shy,2_10,Y,ShyAmbush,Jul-12-18,NA,0,0
2_(3),19,100718_19,0.11,0,0,0,0,3.5,Shy,Shy,2_11,Y,Shy,Jul-12-18,NA,0,0
2_(3),20,100718_20,0.04,0,0,0,0,3.5,Shy,Shy,2_14,Y,Shy,Jul-12-18,NA,0,0
2,38,090718_38,0.11,2,0,0,0.7,3.5,Shy,Shy,2_9,Y,Shy,Jul-12-18,NA,1.333333333,0.007001877
3,115,130718_115,0.13,0,0,0,0,3.5,Shy,Shy,5_1,Y,Shy,Jul-15-18,3.5909,0,0
3,143,120718_143,0.03,0,0,0,0,3.5,Shy,Shy,NA,N,NA,NA,NA,NA,NA
3,115,130718_115,0.13,0,0,0,0,3.5,Shy,Shy,NA,N,NA,NA,NA,NA,NA
3,159,120718_159,0.08,2,0,0,0.7,3.52,Shy,Shy,NA,N,NA,NA,NA,NA,NA
3,28,130718_28,0.14,0,0,13,4.3,3.59,Shy,Shy,5_10,Y,ShyAmbush,Jul-15-18,2.4949,2.7777,1.113351237
1,102,050718_102,0.04,0,1,0,0.3,3.63,Shy,Shy,1_3,Y,Shy,Jul-9-18,NA,0.333333333,0.027511621
3,236,130718_236,0.07,1,0,0,0.3,3.63,Shy,Shy,NA,N,NA,NA,NA,NA,NA
2,59,090718_59,0.02,1,0,1.41,0.8,3.68,Shy,Shy,3_1,Y,Shy,Jul-12-18,NA,0.526033333,0.002647269
1,77,050718_77,0.04,0,1,0,0.3,3.75,Shy,Shy,1_6,Y,Shy,Jul-9-18,NA,0.333333333,0.027511621
2_(3),152,100718_152,0.04,0,0,1,0.3,3.75,Shy,Shy,2_14,Y,Shy,Jul-12-18,NA,0.333333333,0.001750469
3,137,100718_137,0.03,1,0,0,0.3,3.75,Shy,Shy,4_7,Y,ShyAmbush,Jul-15-18,0.8101,0,0
3,137,100718_137,0.03,1,0,0,0.3,3.75,Shy,Shy,NA,N,NA,NA,NA,NA,NA
3,49,120718_49,0.05,1,0,0,0.3,3.83,Shy,Shy,NA,N,NA,NA,NA,NA,NA
3,187,120718_187,0.07,0,0,0,0,3.86,Shy,Shy,NA,N,NA,NA,NA,NA,NA
1,84,050718_84,0.04,2,1,0,1,3.88,Shy,Shy,1_8,Y,ShyAmbush,Jul-9-18,NA,1,0.029472853
1,14,050718_14,0.06,2,0,6,2.7,4,Shy,Shy,1_3,Y,Shy,Jul-9-18,NA,9.333333333,0.770325396
2,14,090718_14,0.12,0,11,0,3.7,4,Shy,Shy,3_4,Y,ShyAmbush,Jul-12-18,NA,40.33333333,0.028238493
3,98,130718_98,0.03,2,2,0,1.3,4.01,Shy,Shy,4_9,Y,Shy,Jul-15-18,6.2404,0.7777,0.124623422
3,98,130718_98,0.03,2,2,0,1.3,4.01,Shy,Shy,NA,N,NA,NA,NA,NA,NA
3,197,120718_197,0.07,2,0,4,2,4.13,Shy,Shy,NA,N,NA,NA,NA,NA,NA
3,77,130718_77,0.03,0,0,3,1,4.14,Shy,Shy,NA,N,NA,NA,NA,NA,NA
3,209,130718_209,0.071,2,3,0,1.7,4.15,Shy,Shy,NA,N,NA,NA,NA,NA,NA
2,144,080718_144,0.03,0,11.4,0,3.8,4.23,Shy,Shy,NA,N,NA,NA,NA,NA,NA
1,90,050718_90,0.06,4,0,1,1.7,4.25,Shy,Shy,1_8,Y,ShyAmbush,Jul-9-18,NA,4.333333333,0.127715696
3,210,130718_210,0.107,3,1,0,1.3,4.28,Shy,Shy,5_1,Y,Shy,Jul-15-18,3.5909,0.1944,0.054136846
3,210,130718_210,0.107,3,1,0,1.3,4.28,Shy,Shy,NA,N,NA,NA,NA,NA,NA
3,148,110718_148,0.08,1,1,0,0.7,4.33,Shy,Shy,NA,N,NA,NA,NA,NA,NA
3,25,100718_25,0.01,5.6,0,1,2.2,4.45,Shy,Shy,5_3,Y,ShyAmbush,Jul-15-18,8.9545,0.1111,0.01240717
3,25,100718_25,0.01,5.6,0,1,2.2,4.45,Shy,Shy,NA,N,NA,NA,NA,NA,NA
1,37,050718_37,0.03,3.82,0,1,1.6,4.46,Shy,Shy,1_4,Y,ShyAmbush,Jul-9-18,NA,3.924133333,0.115655405
2_(3),23,100718_23,0.05,4,0,0,1.3,4.5,Shy,Shy,3_8,Y,Shy,Jul-12-18,NA,5.333333333,0.026840063
3,222,130718_222,0.08,2,3,0,1.7,4.5,Shy,Shy,NA,N,NA,NA,NA,NA,NA
2,77,090718_77,0.08,4,6,0,3.3,4.63,Shy,Shy,3_6,Y,Shy,Jul-12-18,NA,9.333333333,0.04697011
2,113,080718_113,0.06,3,9,0,4,4.63,Shy,Shy,3_8,Y,Shy,Jul-12-18,NA,21,0.105682748
3,110,100718_110,0.01,0,16,1,5.7,4.7,Shy,Shy,5_4,Y,Shy,Jul-15-18,5.0888,18.5,3.63543468
3,110,100718_110,0.01,0,16,1,5.7,4.7,Shy,Shy,NA,N,NA,NA,NA,NA,NA
3,232,130718_232,0.07,0,5,0,1.7,4.79,Shy,Shy,NA,N,NA,NA,NA,NA,NA
3,5,100718_5,0.05,8.1,4.2,0,4.1,4.82,Shy,Shy,5_10,Y,ShyAmbush,Jul-15-18,2.4949,3.6944,1.480780793
3,5,100718_5,0.05,8.1,4.2,0,4.1,4.82,Shy,Shy,NA,N,NA,NA,NA,NA,NA
3,212,130718_212,0.091,2.2,2,1.4,1.9,4.82,Shy,Shy,NA,N,NA,NA,NA,NA,NA
3,32,100718_32,0.02,6,0,6.7,4.2,4.91,Shy,Shy,4_9,Y,Shy,Jul-15-18,6.2404,1.75,0.280430742
3,32,100718_32,0.02,6,0,6.7,4.2,4.91,Shy,Shy,NA,N,NA,NA,NA,NA,NA
2,145,080718_145,0.04,1,1,4,2,4.93,Shy,Shy,2_10,Y,ShyAmbush,Jul-12-18,NA,3,0.014944683
3,199,120718_199,0.04,10,0,1,3.7,4.98,Shy,Shy,NA,N,NA,NA,NA,NA,NA
2,60,090718_60,0.11,6.82,0,0,2.3,5.21,Shy,Shy,3_1,Y,Shy,Jul-12-18,NA,15.50413333,0.078024734
3,21,100718_21,0.03,8.5,0,1,3.2,5.22,Shy,Shy,NA,N,NA,NA,NA,NA,NA
3,18,100718_18,0.05,0,4.6,2,2.2,5.25,Shy,Shy,5_1,Y,Shy,Jul-15-18,3.5909,2,0.556963435
3,18,100718_18,0.05,0,4.6,2,2.2,5.25,Shy,Shy,NA,N,NA,NA,NA,NA,NA
2,83,080718_83,0.03,12.7,0,0,4.2,5.35,Shy,Shy,2_14,Y,Shy,Jul-12-18,NA,53.76333333,0.282333195
3,103,100718_103,0.03,5,6,0,3.7,5.5,Shy,Shy,5_1,Y,Shy,Jul-15-18,3.5909,0.1111,0.030939319
3,103,100718_103,0.03,5,6,0,3.7,5.5,Shy,Shy,NA,N,NA,NA,NA,NA,NA
3,89,120718_89,0.03,4,8,0,4,5.51,Shy,Shy,5_3,Y,ShyAmbush,Jul-15-18,8.9545,0.1111,0.01240717
3,89,120718_89,0.03,4,8,0,4,5.51,Shy,Shy,NA,N,NA,NA,NA,NA,NA
3,40,120718_40,0.03,10.1,5.2,0,5.1,5.65,Shy,Shy,NA,N,NA,NA,NA,NA,NA
3,132,120718_132,0.04,0,3.7,13.4,5.7,5.75,Shy,Shy,NA,N,NA,NA,NA,NA,NA
3,6,100718_6,0.05,7,0,3,3.3,5.77,Shy,Shy,4_7,Y,ShyAmbush,Jul-15-18,0.8101,1,1.234415504
3,6,100718_6,0.05,7,0,3,3.3,5.77,Shy,Shy,NA,N,NA,NA,NA,NA,NA
3,4,100718_4,0.03,0,11,0,3.7,6.25,Shy,Shy,4_9,Y,Shy,Jul-15-18,6.2404,0.4444,0.071213384
3,4,100718_4,0.03,0,11,0,3.7,6.25,Shy,Shy,NA,N,NA,NA,NA,NA,NA
3,175,120718_175,0.09,1,0,12.4,4.5,6.27,Shy,Shy,NA,N,NA,NA,NA,NA,NA
3,186,120718_186,0.12,0,1,10.4,3.8,6.4,Shy,Shy,4_11,Y,ShyAmbush,Jul-15-18,5.7,3.3611,0.589666667
3,186,120718_186,0.12,0,1,10.4,3.8,6.4,Shy,Shy,NA,N,NA,NA,NA,NA,NA
3,62,100718_62,0.05,0,16,0,5.3,6.41,Shy,Shy,NA,N,NA,NA,NA,NA,NA
2,126,080718_126,0.05,0,0,15.2,5.1,6.53,Shy,Shy,2_10,Y,ShyAmbush,Jul-12-18,200.7402857,77.01333333,0.383646626
1,24,050718_24,0.02,0,12,6,6,6.63,Shy,Shy,1_6,Y,Shy,Jul-9-18,NA,36,2.971255099
3,92,100718_92,0.04,10,4,0,4.7,6.73,Shy,Shy,5_3,Y,ShyAmbush,Jul-15-18,8.9545,1.8611,0.207839634
3,92,100718_92,0.04,10,4,0,4.7,6.73,Shy,Shy,NA,N,NA,NA,NA,NA,NA
2,63,090718_63,0.05,2,14.28,3,6.4,6.86,Shy,Shy,2_9,Y,Shy,Jul-12-18,NA,46.50613333,0.244222677
1,85,050718_85,0.05,20.97,6,1,9.3,6.99,Shy,NA,NA,N,NA,NA,NA,NA,NA
1,79,050718_79,0.04,0,14,0,4.7,7,Shy,Shy,1_6,Y,Shy,Jul-9-18,NA,65.33333333,5.392277773
3,116,100718_116,0.02,0,2,12,4.7,7.02,Shy,Shy,5_4,Y,Shy,Jul-15-18,5.0888,0.5277,0.103698318
3,116,100718_116,0.02,0,2,12,4.7,7.02,Shy,Shy,NA,N,NA,NA,NA,NA,NA
3,127,120718_127,0.05,13.5,1,0,4.8,7.34,Shy,Shy,5_10,Y,ShyAmbush,Jul-15-18,2.4949,1.7777,0.712533568
3,127,120718_127,0.05,13.5,1,0,4.8,7.34,Shy,Shy,NA,N,NA,NA,NA,NA,NA
1,15,050718_15,0.06,16,1,6,7.7,7.38,Shy,NA,NA,N,NA,NA,NA,NA,NA
3,53,130718_53,0.13,0,17.4,4,7.1,7.45,Shy,Shy,5_1,Y,Shy,Jul-15-18,3.5909,13.25,3.689882759
3,111,120718_111,0.03,0,4,13.2,5.7,7.45,Shy,Shy,5_10,Y,ShyAmbush,Jul-15-18,2.4949,3.7777,1.514168905
3,111,120718_111,0.03,0,4,13.2,5.7,7.45,Shy,Shy,NA,N,NA,NA,NA,NA,NA
3,53,130718_53,0.13,0,17.4,4,7.1,7.45,Shy,Shy,NA,N,NA,NA,NA,NA,NA
3,133,100718_133,0.06,6,8.3,3.4,5.9,7.73,Shy,Shy,5_4,Y,Shy,Jul-15-18,5.0888,2,0.393019965
3,133,100718_133,0.06,6,8.3,3.4,5.9,7.73,Shy,Shy,NA,N,NA,NA,NA,NA,NA
1,35,050718_35,0.06,2,1,13,5.3,7.75,Shy,Shy,1_4,Y,ShyAmbush,Jul-9-18,33.92952828,44.33333333,1.306629817
2,57,090718_57,0.04,11,7,0,6,7.91,Shy,Shy,2_9,Y,Shy,Jul-12-18,NA,31,0.162793646
3,218,130718_218,0.087,2,5.4,11.5,6.3,8.04,Shy,Shy,5_4,Y,Shy,Jul-15-18,5.0888,3.9444,0.775113976
1,5,050718_5,0.02,22.66,7,2,10.6,8.04,Shy,NA,NA,N,NA,NA,NA,NA,NA
3,218,130718_218,0.087,2,5.4,11.5,6.3,8.04,Shy,Shy,NA,N,NA,NA,NA,NA,NA
1,71,050718_71,0.04,3.23,6,17,8.7,8.06,Shy,NA,NA,N,NA,NA,NA,NA,NA
2,10,090718_10,0.07,0,26,0,8.7,8.13,Shy,Shy,2_10,Y,ShyAmbush,Jul-12-18,NA,225.3333333,1.12251177
1,17,050718_17,0.02,4,0,19,7.7,8.13,Shy,NA,NA,N,NA,NA,NA,NA,NA
3,102,120718_102,0.03,9.5,9,1,6.5,8.14,Shy,Shy,4_7,Y,ShyAmbush,Jul-15-18,0.8101,2.3611,2.914578447
3,102,120718_102,0.03,9.5,9,1,6.5,8.14,NA,Shy,NA,N,NA,NA,NA,NA,NA
1,21,050718_21,0.03,7.41,4,13,8.1,8.23,NA,NA,NA,N,NA,NA,NA,NA,NA
3,171,120718_171,0.05,3.2,2,16.4,7.2,8.34,NA,Shy,4_10,Y,Shy,Jul-15-18,15.8909,18.1944,1.144957177
3,171,120718_171,0.05,3.2,2,16.4,7.2,8.34,NA,Shy,NA,N,NA,NA,NA,NA,NA
2,29,090718_29,0.04,20,0,1,7,8.51,NA,Shy,2_11,Y,Shy,Jul-12-18,NA,127,0.666928807
2,126,090718_126,0.05,2,19,0,7,8.63,NA,Shy,NA,N,NA,NA,NA,NA,NA
3,176,120718_176,0.04,4,4,13,7,8.64,NA,Shy,5_4,Y,Shy,Jul-15-18,5.0888,2.1111,0.414852224
3,176,120718_176,0.04,4,4,13,7,8.64,NA,Shy,NA,N,NA,NA,NA,NA,NA
2_(3),98,100718_98,0.1,20,4,0,8,8.75,NA,Shy,3_1,Y,Shy,Jul-12-18,NA,112,0.563641323
3,165,120718_165,0.08,14,6,3,7.7,8.77,NA,Shy,NA,N,NA,NA,NA,NA,NA
3,126,130718_126,0.02,20.3,4,0,8.1,8.95,NA,Shy,4_10,Y,Shy,Jul-15-18,15.8909,10.75,0.676487801
3,126,130718_126,0.02,20.3,4,0,8.1,8.95,NA,Shy,NA,N,NA,NA,NA,NA,NA
3,17,100718_17,0.05,2,18,5,8.3,8.97,NA,Shy,4_11,Y,ShyAmbush,Jul-15-18,5.7,5.5277,0.96977193
3,17,100718_17,0.05,2,18,5,8.3,8.97,NA,Shy,NA,N,NA,NA,NA,NA,NA
3,170,120718_170,0.09,2.2,4.2,24,10.2,9.23,NA,Shy,4_11,Y,ShyAmbush,Jul-15-18,5.7,18.6111,3.265105263
3,170,120718_170,0.09,2.2,4.2,24,10.2,9.23,NA,Shy,NA,N,NA,NA,NA,NA,NA
1,22,050718_22,0.06,1,28,8,12.3,9.25,NA,NA,NA,N,NA,NA,NA,NA,NA
3,156,120718_156,0.03,24.2,6,0,10.1,9.3,NA,Shy,NA,N,NA,NA,NA,NA,NA
1,41,050718_41,0.03,4,18,1,7.7,9.38,NA,Shy,1_4,Y,ShyAmbush,Jul-9-18,NA,82.33333333,2.426598232
1,62,050718_62,0.03,4,23,0,9,9.5,NA,NA,NA,N,NA,NA,NA,NA,NA
3,48,100718_48,0.13,4,16.1,5.2,8.4,9.57,NA,Shy,4_9,Y,Shy,Jul-15-18,6.2404,27.0277,4.331084546
3,48,100718_48,0.13,4,16.1,5.2,8.4,9.57,NA,Shy,NA,N,NA,NA,NA,NA,NA
1,54,050718_54,0.02,25.5,0,0,8.5,10,NA,Shy,1_8,Y,ShyAmbush,Jul-9-18,NA,216.75,6.388240893
3,26,120718_26,0.03,0,0,32.7,10.9,10,NA,Shy,5_3,Y,ShyAmbush,Jul-15-18,8.9545,37.0277,4.135094087
3,26,120718_26,0.03,0,0,32.7,10.9,10,NA,Shy,NA,N,NA,NA,NA,NA,NA
2_(3),71,100718_71,0.06,0,5,22,9,10.13,NA,Shy,2_11,Y,Shy,Jul-12-18,NA,133,0.698437255
1,11,050718_11,0.03,4,8,21,11,10.25,NA,NA,NA,N,NA,NA,NA,NA,NA
1,112,050718_112,0.03,28.4,9,2,13.1,10.35,NA,NA,NA,N,NA,NA,NA,NA,NA
2,71,090718_71,0.03,13,0,17,10,10.36,NA,Shy,3_4,Y,ShyAmbush,Jul-12-18,NA,79,0.055310107
1,101,050718_101,0.06,0,13,16,9.7,10.5,NA,NA,NA,N,NA,NA,NA,NA,NA
3,153,110718_153,0.02,19.5,8.2,1,9.5,10.61,NA,Shy,4_10,Y,Shy,Jul-15-18,15.8909,12.25,0.770881448
3,76,100718_76,0.01,7,17,7,10.3,10.61,NA,Shy,NA,N,NA,NA,NA,NA,NA
3,153,110718_153,0.02,19.5,8.2,1,9.5,10.61,NA,Shy,NA,N,NA,NA,NA,NA,NA
2,80,080718_80,0.03,0,13,18,10.3,10.71,NA,NA,NA,N,NA,NA,NA,NA,NA
1,38,050718_38,0.06,2,14,14,10,10.75,NA,NA,NA,N,NA,NA,NA,NA,NA
3,47,100718_47,0.02,3,16.6,12,10.5,10.78,NA,Shy,NA,N,NA,NA,NA,NA,NA
3,163,120718_163,0.03,26.1,4.7,0,10.2,11,NA,Shy,4_10,Y,Shy,Jul-15-18,15.8909,24.8611,1.564486593
3,163,120718_163,0.03,26.1,4.7,0,10.2,11,NA,Shy,NA,N,NA,NA,NA,NA,NA
1,104,050718_104,0.02,1.41,10,18,9.8,11.1,NA,NA,NA,N,NA,NA,NA,NA,NA
1,115,050718_115,0.02,2,12,20,11.3,11.13,NA,NA,NA,N,NA,NA,NA,NA,NA
3,109,120718_109,0.07,9,18.1,4,10.4,11.24,NA,Shy,4_10,Y,Shy,Jul-15-18,15.8909,19.8611,1.249841104
3,109,120718_109,0.07,9,18.1,4,10.4,11.24,NA,Shy,NA,N,NA,NA,NA,NA,NA
1,88,050718_88,0.04,0,1,41,14,11.25,NA,NA,NA,N,NA,NA,NA,NA,NA
3,204,130718_204,0.125,5.7,31.4,6.1,14.4,11.66,NA,Shy,NA,N,NA,NA,NA,NA,NA
2,152,090718_152,0.07,34,0,0,11.3,11.75,NA,Shy,3_6,Y,Shy,Jul-12-18,NA,385.3333333,1.939194551
2,61,090718_61,0.03,34.1,0,1,11.7,11.9,NA,Shy,3_8,Y,Shy,Jul-12-18,NA,376.57,1.895092972
3,189,120718_189,0.08,0,0,38.2,12.7,11.91,NA,Shy,NA,N,NA,NA,NA,NA,NA
3,71,130718_71,0.175,19.8,24.8,2,15.5,11.91,NA,Shy,NA,N,NA,NA,NA,NA,NA
1,92,050718_92,0.03,35.56,3,3,13.9,12.02,NA,NA,NA,N,NA,NA,NA,NA,NA
3,108,100718_108,0.04,25.7,22,0,15.9,12.17,NA,Shy,NA,N,NA,NA,NA,NA,NA
3,10,100718_10,0.06,0,24.8,13.2,12.7,12.24,NA,Shy,NA,N,NA,NA,NA,NA,NA
3,168,120718_168,0.05,4,18,17,13,12.25,NA,Shy,NA,N,NA,NA,NA,NA,NA
1,18,050718_18,0.04,11.6,1,24,12.2,12.53,NA,NA,NA,N,NA,NA,NA,NA,NA
3,188,120718_188,0.1,37,3,0,13.3,12.86,NA,Shy,NA,N,NA,NA,NA,NA,NA
2,47,090718_47,0.03,0,19.29,19.18,12.8,12.93,NA,Shy,3_8,Y,Shy,Jul-12-18,NA,123.3314333,0.620666895
1,107,050718_107,0.04,2,14,23,13,13,NA,NA,NA,N,NA,NA,NA,NA,NA
3,29,100718_29,0.02,0,38,4,14,13.1,NA,Shy,NA,N,NA,NA,NA,NA,NA
1,42,050718_42,0.05,26,14,0,13.3,13.13,NA,NA,NA,N,NA,NA,NA,NA,NA
2_(3),26,100718_26,0.06,0,39,4,14.3,13.38,NA,Shy,3_6,Y,Shy,Jul-12-18,NA,460.3333333,2.316632937
2,72,090718_72,0.04,0,25.7,17,14.2,13.41,NA,Shy,3_4,Y,ShyAmbush,Jul-12-18,NA,170.8633333,0.119626192
3,160,120718_160,0.08,22.3,5,13.1,13.5,13.41,NA,Shy,NA,N,NA,NA,NA,NA,NA
3,146,100718_146,0.09,20,19,5,14.7,13.49,NA,Shy,NA,N,NA,NA,NA,NA,NA
2,9,090718_9,0.1,17,25,3,15,13.63,NA,Shy,3_1,Y,Shy,Jul-12-18,NA,124,0.624031465
2,131,090718_131,0.02,2,7,33.7,14.2,14,NA,Shy,2_9,Y,Shy,Jul-12-18,NA,290.4633333,1.525341453
3,50,100718_50,0.04,15.9,10.2,28.5,18.2,14.16,NA,NA,NA,N,NA,NA,NA,NA,NA
3,233,130718_233,0.04,5,42.1,0,15.7,14.17,NA,NA,NA,N,NA,NA,NA,NA,NA
3,22,100718_22,0.07,33.8,13.1,3,16.6,14.22,NA,NA,NA,N,NA,NA,NA,NA,NA
3,7,100718_7,0.07,17,4,29.1,16.7,14.23,NA,NA,NA,N,NA,NA,NA,NA,NA
1,86,050718_86,0.05,17.41,10,16,14.5,14.35,NA,NA,NA,N,NA,NA,NA,NA,NA
3,179,120718_179,0.03,19.4,1,26,15.5,14.42,NA,NA,NA,N,NA,NA,NA,NA,NA
3,143,100718_143,0.08,22.6,16.6,11.4,16.9,14.47,NA,NA,NA,N,NA,NA,NA,NA,NA
3,61,120718_61,0.04,5,27.2,14.1,15.4,14.48,NA,NA,NA,N,NA,NA,NA,NA,NA
1,13,060718_13,0.03,30.09,1,22,17.7,14.65,NA,NA,NA,N,NA,NA,NA,NA,NA
1,48,050718_48,0.07,19,8,19,15.3,14.75,NA,NA,NA,N,NA,NA,NA,NA,NA
3,56,120718_56,0.16,0,8.1,41.7,16.6,14.86,NA,NA,NA,N,NA,NA,NA,NA,NA
3,213,130718_213,0.087,28,0,22,16.7,14.88,NA,NA,NA,N,NA,NA,NA,NA,NA
3,211,130718_211,0.078,8.4,7.4,37.2,17.7,14.99,NA,NA,NA,N,NA,NA,NA,NA,NA
3,68,100718_68,0.08,41.1,6,0,15.7,15.09,NA,NA,NA,N,NA,NA,NA,NA,NA
3,13,130718_13,0.142,4,39,10.5,17.8,15.16,NA,NA,NA,N,NA,NA,NA,NA,NA
3,2,100718_2,0.08,21.5,28.1,0,16.5,15.2,NA,NA,NA,N,NA,NA,NA,NA,NA
1,26,050718_26,0.04,29.4,12,7,16.1,15.23,NA,NA,NA,N,NA,NA,NA,NA,NA
2,143,080718_143,0.09,38,16.65,0,18.2,15.52,NA,Shy,3_6,Y,Shy,Jul-12-18,NA,362.8408333,1.826000779
3,131,110718_131,0.02,2.8,29.6,19.2,17.2,15.53,NA,NA,NA,N,NA,NA,NA,NA,NA
3,31,100718_31,0.06,2,30.7,20.4,17.7,15.83,NA,NA,NA,N,NA,NA,NA,NA,NA
2,96,080718_96,0.03,2,3,53.81,19.6,16.06,NA,Shy,NA,N,NA,NA,NA,NA,NA
3,214,130718_214,0.083,60.7,0,0,20.2,16.18,NA,NA,NA,N,NA,NA,NA,NA,NA
3,59,100718_59,0.03,20,28,5,17.7,16.19,NA,NA,NA,N,NA,NA,NA,NA,NA
3,54,100718_54,0.02,0,0,52,17.3,16.42,NA,NA,NA,N,NA,NA,NA,NA,NA
3,217,130718_217,0.072,10.4,19,28.7,19.4,16.48,NA,NA,NA,N,NA,NA,NA,NA,NA
3,239,130718_239,0.05,37.1,15,0,17.4,16.59,NA,NA,NA,N,NA,NA,NA,NA,NA
2,151,080718_151,0.06,25,28.03,0,17.7,16.73,NA,Shy,2_11,Y,Shy,Jul-12-18,190.4251227,236.6436333,1.242712253
2,133,090718_133,0.03,8.1,51.55,0,19.9,16.77,NA,Shy,2_14,Y,Shy,Jul-12-18,NA,768.4858333,4.035632601
2,48,090718_48,0.11,51.89,2,3,19,16.8,NA,Shy,3_1,Y,Shy,Jul-12-18,198.7079291,813.3740333,4.093314429
3,104,100718_104,0.05,21.2,11,23,18.4,16.83,NA,NA,NA,N,NA,NA,NA,NA,NA
3,123,100718_123,0.04,3,46.7,5.4,18.4,16.9,NA,NA,NA,N,NA,NA,NA,NA,NA
3,173,120718_173,0.11,12,20,21.6,17.9,17.03,NA,NA,NA,N,NA,NA,NA,NA,NA
3,9,100718_9,0.03,1,30.3,25.7,19,17.15,NA,NA,NA,N,NA,NA,NA,NA,NA
3,3,100718_3,0.03,11.4,0,45.3,18.9,17.17,NA,NA,NA,N,NA,NA,NA,NA,NA
3,85,100718_85,0.05,13,19.2,28,20.1,17.31,NA,NA,NA,N,NA,NA,NA,NA,NA
2,87,090718_87,0.02,58,2,3,21,17.38,NA,Shy,3_4,Y,ShyAmbush,Jul-12-18,NA,1027,0.719031387
2,154,090718_154,0.06,27.5,17.54,17,20.7,17.79,NA,Shy,3_6,Y,Shy,Jul-12-18,NA,34.9572,0.175922522
3,24,100718_24,0.03,19.2,14.5,31,21.5,17.79,NA,NA,NA,N,NA,NA,NA,NA,NA
3,81,110718_81,0.07,40.7,17,3,20.2,18,NA,NA,NA,N,NA,NA,NA,NA,NA
2,43,090718_43,0.03,0,20,42,20.7,18.34,NA,Shy,3_8,Y,Shy,Jul-12-18,NA,441.3333333,2.221015212
3,185,120718_185,0.1,37.5,27.7,0,21.7,18.46,NA,NA,NA,N,NA,NA,NA,NA,NA
2,56,090718_56,0.07,17,7,37,20.3,18.47,NA,Shy,2_14,Y,Shy,Jul-12-18,NA,233.3333333,1.225328518
2,127,090718_127,0.05,23,17,28.2,22.7,18.52,NA,Shy,2_11,Y,Shy,Jul-12-18,NA,31.41333333,0.164964228
3,216,130718_216,0.129,53.2,0,11.8,21.7,18.52,NA,NA,NA,N,NA,NA,NA,NA,NA
3,105,110718_105,0.03,0,9,54,21,18.74,NA,NA,NA,N,NA,NA,NA,NA,NA
3,82,100718_82,0.01,51.2,2,20,24.4,18.89,NA,NA,NA,N,NA,NA,NA,NA,NA
3,203,130718_203,0.121,27.9,25,13.1,22,18.89,NA,NA,NA,N,NA,NA,NA,NA,NA
3,169,120718_169,0.04,1,39,25,21.7,18.91,NA,NA,NA,N,NA,NA,NA,NA,NA
3,105,100718_105,0.05,0,70.2,0,23.4,19.06,NA,NA,NA,N,NA,NA,NA,NA,NA
3,11,100718_11,0.05,29,33,1,21,19.06,NA,NA,NA,N,NA,NA,NA,NA,NA
3,125,120718_125,0.03,30.9,19.8,17,22.6,19.22,NA,NA,NA,N,NA,NA,NA,NA,NA
1,19,050718_19,0.07,12,0,52,21.3,19.25,NA,NA,NA,N,NA,NA,NA,NA,NA
1,103,050718_103,0.04,7.23,6,59,24.1,19.43,NA,NA,NA,N,NA,NA,NA,NA,NA
3,205,130718_205,0.082,1,41.8,21.3,21.4,19.45,NA,NA,NA,N,NA,NA,NA,NA,NA
3,78,120718_78,0.2,59.4,16,0,25.1,19.61,NA,NA,NA,N,NA,NA,NA,NA,NA
3,135,100718_135,0.02,10.1,3,54.4,22.5,19.75,NA,NA,NA,N,NA,NA,NA,NA,NA
2,15,090718_15,0.07,21,48.5,0,23.2,19.92,NA,Shy,2_10,Y,ShyAmbush,Jul-12-18,NA,591.5833333,2.947008525
3,200,130718_200,0.028,55.7,14,1,23.6,19.98,NA,NA,NA,N,NA,NA,NA,NA,NA
3,27,130718_27,0.04,18.6,38.7,15.8,24.4,20.12,NA,NA,NA,N,NA,NA,NA,NA,NA
3,46,100718_46,0.02,40.1,18.2,19,25.8,20.45,NA,NA,NA,N,NA,NA,NA,NA,NA
1,73,050718_73,0.04,34.9,12,24,23.6,20.6,NA,NA,NA,N,NA,NA,NA,NA,NA
2,114,090718_114,0.02,0,23,48.94,24,20.81,NA,Shy,2_9,Y,Shy,Jul-12-18,NA,599.5012,3.148225357
3,16,100718_16,0.05,71.6,0,0,23.9,20.9,NA,NA,NA,N,NA,NA,NA,NA,NA
2,142,080718_142,0.04,15,59.71,0,24.9,21.01,NA,Shy,3_4,Y,ShyAmbush,Jul-12-18,1428.310389,964.8780333,0.675538063
3,234,130718_234,0.04,38,12,24,24.7,21.01,NA,NA,NA,N,NA,NA,NA,NA,NA
1,139,060718_139,0.03,40.18,0,38,26.1,21.05,NA,NA,NA,N,NA,NA,NA,NA,NA
1,123,060718_123,0.04,19,27,35,27,21.5,NA,Bold,1_14,Y,Bold,Jul-9-18,946.2148909,64,0.067637913
1,25,050718_25,0.03,32.8,17,32,27.3,21.7,NA,Bold,1_2,Y,Bold,Jul-9-18,NA,79.21333333,0.083716008
1,111,050718_111,0.03,18,42,17,25.7,21.88,NA,NA,NA,N,NA,NA,NA,NA,NA
2,149,080718_149,0.08,24.12,48.001,9,27,22.13,NA,CONTINUOUS,6_10,N,Continuous,Jul-12-18,NA,386.6657603,0.530719685
1,61,050718_61,0.04,1,68,8,25.7,22.13,NA,NA,NA,N,NA,NA,NA,NA,NA
3,35,100718_35,0.07,15,34.4,35.7,28.4,22.36,NA,NA,NA,N,NA,NA,NA,NA,NA
2,39,090718_39,0.07,20.38,10,47,25.8,22.59,NA,NA,NA,N,NA,NA,NA,NA,NA
3,42,100718_42,0.03,45,16,19,26.7,22.67,NA,NA,NA,N,NA,NA,NA,NA,NA
3,162,120718_162,0.01,15.1,12.7,49.5,25.7,22.83,NA,NA,NA,N,NA,NA,NA,NA,NA
3,72,120718_72,0.05,53,5,22.4,26.8,22.89,NA,NA,NA,N,NA,NA,NA,NA,NA
3,153,100718_153,0.04,15,38.2,29,27.4,22.91,NA,NA,NA,N,NA,NA,NA,NA,NA
3,139,100718_139,0.02,35.8,42.1,5.5,27.8,22.99,NA,NA,NA,N,NA,NA,NA,NA,NA
3,167,120718_167,0.03,15,20,52.7,29.2,23.03,NA,NA,NA,N,NA,NA,NA,NA,NA
2,18,090718_18,0.06,5,28,51.2,28.1,23.14,NA,NA,NA,N,NA,NA,NA,NA,NA
2,136,090718_136,0.01,49,0,31.81,26.9,23.24,NA,NA,NA,N,NA,NA,NA,NA,NA
3,130,100718_130,0.11,20,30.1,39,29.7,23.75,NA,NA,NA,N,NA,NA,NA,NA,NA
2,108,090718_108,0.08,35,48.2,0,27.7,24.08,NA,CONTINUOUS,6_10,N,Continuous,Jul-12-18,NA,620.4133333,0.851550881
3,120,130718_120,0.05,46.3,26.5,17,29.9,24.34,NA,NA,NA,N,NA,NA,NA,NA,NA
3,69,100718_69,0.04,47,26,19,30.7,24.37,NA,NA,NA,N,NA,NA,NA,NA,NA
3,219,130718_219,0.047,4,29.8,52,28.6,24.44,NA,NA,NA,N,NA,NA,NA,NA,NA
2,121,090718_121,0.04,64,19,4,29,24.56,NA,CONTINUOUS,6_13,N,ContinuousAmbush,Jul-12-18,NA,975,1.539516054
3,134,120718_134,0.05,54,24,13.2,30.4,24.75,NA,NA,NA,N,NA,NA,NA,NA,NA
3,12,100718_12,0.06,41.1,7.4,40.6,29.7,25.16,NA,NA,NA,N,NA,NA,NA,NA,NA
2,153,090718_153,0.05,0,71,18,29.7,25.2,NA,CONTINUOUS,6_14,N,ContinuousAmbush,Jul-12-18,NA,1362.333333,2.151111834
3,74,100718_74,0.01,31.9,26.7,31.8,30.1,25.4,NA,NA,NA,N,NA,NA,NA,NA,NA
2,105,090718_105,0.08,77,0,13,30,25.73,NA,CONTINUOUS,6_9,N,Continuous,Jul-12-18,NA,1699,2.331969461
3,10,120718_10,0.1,32,8,56.5,32.2,25.77,NA,NA,NA,N,NA,NA,NA,NA,NA
3,174,120718_174,0.02,49.3,30.3,15.7,31.7,25.93,NA,NA,NA,N,NA,NA,NA,NA,NA
2,94,090718_94,0.04,60,1,34.37,31.8,26.04,NA,CONTINUOUS,6_10,N,Continuous,Jul-12-18,NA,875.2423,1.201317431
3,97,100718_97,0.07,57.2,16,21.7,31.6,26.2,NA,NA,NA,N,NA,NA,NA,NA,NA
2,8,090718_8,0.05,41,30,23,31.3,26.38,NA,CONTINUOUS,6_13,N,ContinuousAmbush,Jul-12-18,NA,82.33333333,0.130003578
3,106,110718_106,0.04,32.1,23,38.8,31.3,26.57,NA,NA,NA,N,NA,NA,NA,NA,NA
3,166,120718_166,0.03,60,32,1,31,26.67,NA,NA,NA,N,NA,NA,NA,NA,NA
3,124,120718_124,0.07,21,2,69.3,30.8,26.67,NA,NA,NA,N,NA,NA,NA,NA,NA
1,32,050718_32,0.02,22,36,42,33.3,26.75,NA,Bold,1_5,Y,BoldAmbush,Jul-9-18,NA,105.3333333,0.219445121
2,64,080718_64,0.03,37,61.4,2,33.5,26.91,NA,CONTINUOUS,NA,N,NA,NA,NA,NA,NA
2,27,090718_27,0.06,38.28,56.25,1,31.8,27.23,NA,CONTINUOUS,6_9,N,Continuous,Jul-12-18,NA,794.2136333,1.0901012
3,14,100718_14,0.03,8,39.2,52.9,33.4,27.33,NA,NA,NA,N,NA,NA,NA,NA,NA
1,109,050718_109,0.05,29.19,42,30,33.7,27.42,NA,Bold,1_2,Y,Bold,Jul-9-18,NA,51.4587,0.054383735
2,95,080718_95,0.04,57,11.38,31.81,33.4,27.6,NA,CONTINUOUS,6_10,N,Continuous,Jul-12-18,NA,522.1842333,0.716726124
2,66,080718_66,0.05,4,79,16,33,27.63,NA,CONTINUOUS,6_13,N,ContinuousAmbush,Jul-12-18,NA,1623,2.562702109
1,8,050718_8,0.06,38.7,64,0,34.2,27.8,NA,Bold,1_11,Y,BoldAmbush,Jul-9-18,NA,1038.963333,2.16451362
3,95,130718_95,0.08,0,65.8,38.8,34.9,27.92,NA,NA,NA,N,NA,NA,NA,NA,NA
1,91,050718_91,0.03,19,49,38,35.3,28.13,NA,Bold,1_11,Y,BoldAmbush,Jul-9-18,NA,230.3333333,0.479862591
1,75,050718_75,0.01,69.2,30,0,33.1,28.18,NA,Bold,1_11,Y,BoldAmbush,Jul-9-18,NA,1204.213333,2.508785516
3,42,120718_42,0.02,26.4,19,57,34.1,28.19,NA,NA,NA,N,NA,NA,NA,NA,NA
2,74,080718_74,0.03,44.99071608,34.26129717,26,35.1,28.25,NA,CONTINUOUS,6_14,N,ContinuousAmbush,Jul-12-18,NA,90.66945972,0.143166245
2,13,090718_13,0.09,73,6,28.23,35.7,28.38,NA,CONTINUOUS,6_9,N,Continuous,Jul-12-18,NA,1164.587633,1.598459562
2,17,090718_17,0.08,47,0,66,37.7,28.68,NA,CONTINUOUS,6_10,N,Continuous,Jul-12-18,NA,1154.333333,1.58438498
3,196,120718_196,0.04,11.4,31.2,64.2,35.6,28.84,NA,NA,NA,N,NA,NA,NA,NA,NA
2,137,090718_137,0.05,53,19.5,31.81,34.8,28.86,NA,CONTINUOUS,6_13,N,ContinuousAmbush,Jul-12-18,NA,287.1337,0.453381478
2,50,090718_50,0.04,45.5,24.04,38,35.8,29.05,NA,CONTINUOUS,6_14,N,ContinuousAmbush,Jul-12-18,NA,118.6105333,0.187284944
2,103,090718_103,0.04,57,50,0,35.7,29.07,NA,NA,NA,N,NA,NA,NA,NA,NA
3,145,100718_145,0.05,33.7,36,35.6,35.1,29.09,NA,NA,NA,N,NA,NA,NA,NA,NA
3,150,100718_150,0.04,60.7,45.2,0,35.3,29.12,NA,NA,NA,N,NA,NA,NA,NA,NA
2,122,090718_122,0.06,60.99,46.138,0,35.7,29.35,NA,NA,NA,N,NA,NA,NA,NA,NA
3,91,100718_91,0.05,90.8,8,13.4,37.4,29.75,NA,NA,NA,N,NA,NA,NA,NA,NA
3,229,130718_229,0.06,80.3,21.9,6,36.1,30.02,NA,Bold,4_14,Y,BoldAmbush,Jul-15-18,124.7979,88.9444,0.712707505
3,229,130718_229,0.06,80.3,21.9,6,36.1,30.02,NA,NA,NA,N,NA,NA,NA,NA,NA
3,84,110718_84,0.01,41.8,50.4,19.9,37.4,30.11,NA,NA,NA,N,NA,NA,NA,NA,NA
3,38,120718_38,0.02,17.3,38.1,54,36.5,30.15,NA,Bold,5_9,Y,Bold,Jul-15-18,103.4767,83.2777,0.804796635
3,38,120718_38,0.02,17.3,38.1,54,36.5,30.15,NA,NA,NA,N,NA,NA,NA,NA,NA
3,60,100718_60,0.05,61.5,13,35.9,36.8,30.28,NA,NA,NA,N,NA,NA,NA,NA,NA
3,220,130718_220,0.05,100.6,10,0,36.9,30.48,NA,Bold,5_7,Y,BoldAmbush,Jul-15-18,167.6636,205.9444,1.228319087
3,220,130718_220,0.05,100.6,10,0,36.9,30.48,NA,NA,NA,N,NA,NA,NA,NA,NA
3,96,100718_96,0.07,53.1,1,57,37,30.48,NA,NA,NA,N,NA,NA,NA,NA,NA
2,81,090718_81,0.03,35,63,17,38.3,30.49,NA,NA,NA,N,NA,NA,NA,NA,NA
3,180,130718_180,0.07,1,97.2,16,38.1,30.62,NA,Bold,4_4,Y,Bold,Jul-15-18,109.2707,196.1111,1.794727223
3,180,130718_180,0.07,1,97.2,16,38.1,30.62,NA,NA,NA,N,NA,NA,NA,NA,NA
2,12,090718_12,0.06,70,42,1,37.7,30.75,NA,NA,NA,N,NA,NA,NA,NA,NA
3,195,120718_195,0.05,30.2,35.5,47.3,37.7,31.16,NA,NA,NA,N,NA,NA,NA,NA,NA
3,119,130718_119,0.02,2,69.8,44.1,38.6,31.31,NA,Bold,5_14,Y,Bold,Jul-15-18,159.2404,77.1111,0.48424332
3,119,130718_119,0.02,2,69.8,44.1,38.6,31.31,NA,NA,NA,N,NA,NA,NA,NA,NA
3,63,100718_63,0.04,66.8,40,8.2,38.4,31.31,NA,NA,NA,N,NA,NA,NA,NA,NA
3,208,130718_208,0.08,54.9,60.8,0,38.5,31.53,NA,Bold,5_14,Y,Bold,Jul-15-18,159.2404,174,1.092687534
3,208,130718_208,0.08,54.9,60.8,0,38.5,31.53,NA,NA,NA,N,NA,NA,NA,NA,NA
3,238,130718_238,0.05,45,69,0,38,31.57,NA,Bold,5_8,Y,BoldAmbush,Jul-15-18,126.4727,130.5,1.031843236
3,238,130718_238,0.05,45,69,0,38,31.57,NA,NA,NA,N,NA,NA,NA,NA,NA
2,130,080718_130,0.07,49.99,27.5,40.7,39.4,31.93,NA,NA,NA,N,NA,NA,NA,NA,NA
2,112,090718_112,0.05,39.5,3,73.6,38.7,32.24,NA,CONTINUOUS,6_3,N,Continuous,Jul-12-18,NA,1246.57,1.710984798
3,57,100718_57,0.04,56.8,25.3,43.1,41.7,32.5,NA,Bold,5_7,Y,BoldAmbush,Jul-15-18,167.6636,115.9444,0.691529944
3,57,100718_57,0.04,56.8,25.3,43.1,41.7,32.5,NA,NA,NA,N,NA,NA,NA,NA,NA
3,215,130718_215,0.065,0,39.2,77.6,38.9,32.62,NA,Bold,4_6,Y,BoldAmbush,Jul-15-18,119.4767,147.4444,1.234084972
3,215,130718_215,0.065,0,39.2,77.6,38.9,32.62,NA,NA,NA,N,NA,NA,NA,NA,NA
3,136,100718_136,0.03,69.2,27.5,21.2,39.3,32.7,NA,Bold,4_8,Y,Bold,Jul-15-18,130.4525,111.0277,0.851096759
3,136,100718_136,0.03,69.2,27.5,21.2,39.3,32.7,NA,NA,NA,N,NA,NA,NA,NA,NA
3,93,130718_93,0.03,25.2,38.2,61.9,41.8,32.75,NA,Bold,4_4,Y,Bold,Jul-15-18,109.2707,80,0.732126727
3,93,130718_93,0.03,25.2,38.2,61.9,41.8,32.75,NA,NA,NA,N,NA,NA,NA,NA,NA
3,44,100718_44,0.06,13,63.7,42.4,39.7,32.82,NA,Bold,4_6,Y,BoldAmbush,Jul-15-18,119.4767,52.4444,0.438950858
3,44,100718_44,0.06,13,63.7,42.4,39.7,32.82,NA,NA,NA,N,NA,NA,NA,NA,NA
2,70,080718_70,0.11,67.01976484,12,38,39,32.89,NA,CONTINUOUS,6_6,N,Continuous,Jul-12-18,NA,757.5535457,1.039783245
1,136,060718_136,0.07,89.62,33,2,41.5,33.03,NA,Bold,1_14,Y,Bold,Jul-9-18,NA,1974.0148,2.086222505
3,15,120718_15,0.08,6.4,46,71.8,41.4,33.23,NA,Bold,4_8,Y,Bold,Jul-15-18,130.4525,144.75,1.109599279
3,15,120718_15,0.08,6.4,46,71.8,41.4,33.23,NA,NA,NA,N,NA,NA,NA,NA,NA
2,140,090718_140,0.06,88,0,31.81,39.9,33.24,NA,CONTINUOUS,6_12,N,ContinuousAmbush,Jul-12-18,NA,1985.532033,3.135136863
3,164,120718_164,0.07,68,34,23.1,41.7,33.32,NA,Bold,4_14,Y,BoldAmbush,Jul-15-18,124.7979,67.5,0.540874486
3,164,120718_164,0.07,68,34,23.1,41.7,33.32,NA,NA,NA,N,NA,NA,NA,NA,NA
1,108,050718_108,0.06,42.51,36,45,41.2,33.38,NA,Bold,1_11,Y,BoldAmbush,Jul-9-18,479.9985195,21.5967,0.044993264
3,106,100718_106,0.03,68,37.4,21.6,42.3,33.73,NA,NA,NA,N,NA,NA,NA,NA,NA
3,20,120718_20,0.09,48,24,54,42,33.93,NA,Bold,5_8,Y,BoldAmbush,Jul-15-18,126.4727,66.25,0.523828463
3,20,120718_20,0.09,48,24,54,42,33.93,NA,NA,NA,N,NA,NA,NA,NA,NA
3,45,120718_45,0.06,73.6,5.4,43.2,40.7,33.94,NA,Bold,5_9,Y,Bold,Jul-15-18,103.4767,109.5277,1.058476932
3,45,120718_45,0.06,73.6,5.4,43.2,40.7,33.94,NA,NA,NA,N,NA,NA,NA,NA,NA
3,48,120718_48,0.04,59.9,37.5,27.1,41.5,34.04,NA,Bold,5_14,Y,Bold,Jul-15-18,159.2404,89.25,0.560473347
3,48,120718_48,0.04,59.9,37.5,27.1,41.5,34.04,NA,NA,NA,N,NA,NA,NA,NA,NA
3,112,130718_112,0.152,69.5,57.1,0,42.2,34.34,NA,NA,NA,N,NA,NA,NA,NA,NA
3,58,130718_58,0.04,54.4,34.9,40.4,43.2,34.69,NA,Bold,4_6,Y,BoldAmbush,Jul-15-18,119.4767,62.75,0.525207007
3,58,130718_58,0.04,54.4,34.9,40.4,43.2,34.69,NA,NA,NA,N,NA,NA,NA,NA,NA
3,87,120718_87,0.03,26.7,65.9,39.6,44,34.99,NA,Bold,4_8,Y,Bold,Jul-15-18,130.4525,79.5277,0.609629559
3,87,120718_87,0.03,26.7,65.9,39.6,44,34.99,NA,NA,NA,N,NA,NA,NA,NA,NA
3,64,100718_64,0.02,48.5,53.5,29.9,44,35.05,NA,Bold,5_7,Y,BoldAmbush,Jul-15-18,167.6636,61.5277,0.366971126
3,64,100718_64,0.02,48.5,53.5,29.9,44,35.05,NA,NA,NA,N,NA,NA,NA,NA,NA
2,115,090718_115,0.03,57,57,14.47,42.8,35.21,NA,CONTINUOUS,6_3,N,Continuous,Jul-12-18,NA,602.9336333,0.827559046
2,98,090718_98,0.02,37,37.5,54.92,43.1,35.24,NA,CONTINUOUS,6_6,N,Continuous,Jul-12-18,NA,104.1388,0.14293614
3,94,100718_94,0.02,49,37.1,49.1,45,35.27,NA,NA,NA,N,NA,NA,NA,NA,NA
2,65,080718_65,0.02,36,29,68.22,44.4,35.41,NA,CONTINUOUS,6_12,N,ContinuousAmbush,Jul-12-18,NA,437.5561333,0.69089712
2,93,090718_93,0.06,76,12,45,44.3,35.48,NA,NA,NA,N,NA,NA,NA,NA,NA
2,90,090718_90,0.05,77.8,8.56,50.3,45.6,35.73,NA,CONTINUOUS,6_3,N,Continuous,Jul-12-18,NA,1215.442533,1.668260665
3,65,100718_65,0.01,76.6,54.7,1,44.1,36.19,Bold,Bold,5_8,Y,BoldAmbush,Jul-15-18,126.4727,271.4444,2.14626872
3,65,100718_65,0.01,76.6,54.7,1,44.1,36.19,Bold,NA,NA,N,NA,NA,NA,NA,NA
2,53,080718_53,0.04,44,63,30,45.7,36.51,Bold,CONTINUOUS,6_6,N,Continuous,Jul-12-18,NA,274.3333333,0.376537349
3,182,120718_182,0.05,44,47,47,46,36.68,Bold,Bold,5_9,Y,Bold,Jul-15-18,103.4767,28.5,0.275424323
3,182,120718_182,0.05,44,47,47,46,36.68,Bold,NA,NA,N,NA,NA,NA,NA,NA
2,16,090718_16,0.07,31,81.47,24.95,45.8,36.75,Bold,CONTINUOUS,6_12,N,ContinuousAmbush,Jul-12-18,NA,963.0556333,1.520656009
3,117,120718_117,0.04,32,27,79.8,46.3,36.93,Bold,NA,NA,N,NA,NA,NA,NA,NA
3,192,120718_192,0.04,25.2,77.1,39.7,47.3,37.02,Bold,NA,NA,N,NA,NA,NA,NA,NA
1,29,050718_29,0.04,57.12,54,26,45.7,37.16,Bold,Bold,1_5,Y,BoldAmbush,Jul-9-18,NA,293.6981333,0.611872998
1,39,050718_39,0.02,30,46,69,48.3,38,Bold,Bold,1_5,Y,BoldAmbush,Jul-9-18,NA,384.3333333,0.800696914
2,58,090718_58,0.04,27.98,69,47.4,48.1,38.3,Bold,CONTINUOUS,6_1,N,Continuous,Jul-12-18,728.5687177,421.0561333,0.577922333
3,178,120718_178,0.05,10,79.9,54.6,48.2,38.35,Bold,NA,NA,N,NA,NA,NA,NA,NA
3,59,120718_59,0.03,21.5,68.4,52.9,47.6,38.69,Bold,Bold,4_8,Y,Bold,Jul-15-18,130.4525,165.6111,1.269512658
3,59,120718_59,0.03,21.5,68.4,52.9,47.6,38.69,Bold,NA,NA,N,NA,NA,NA,NA,NA
3,190,120718_190,0.03,36.1,72.4,43,50.5,38.87,Bold,Bold,4_14,Y,BoldAmbush,Jul-15-18,124.7979,175.5277,1.406495622
3,190,120718_190,0.03,36.1,72.4,43,50.5,38.87,Bold,NA,NA,N,NA,NA,NA,NA,NA
3,52,100718_52,0.02,12.1,63.6,68.7,48.1,38.9,Bold,NA,NA,N,NA,NA,NA,NA,NA
2,145,090718_145,0.05,57.6,35.5,55,49.4,39.06,Bold,CONTINUOUS,6_3,N,Continuous,Jul-12-18,NA,145.9033333,0.200260222
3,191,120718_191,0.04,43.5,66.1,34.5,48.1,39.25,Bold,Bold,NA,N,NA,NA,NA,NA,NA
1,135,060718_135,0.06,29,28,96,51,39.5,Bold,Bold,1_14,Y,Bold,Jul-9-18,NA,1519,1.60534358
3,81,100718_81,0.05,66.5,20.6,57.8,48.3,39.55,Bold,Bold,5_9,Y,Bold,Jul-15-18,103.4767,65.9444,0.637287428
3,81,100718_81,0.05,66.5,20.6,57.8,48.3,39.55,Bold,Bold,NA,N,NA,NA,NA,NA,NA
3,121,100718_121,0.04,0,68.2,80.9,49.7,39.8,Bold,Bold,5_14,Y,Bold,Jul-15-18,159.2404,171.7777,1.078731905
3,121,100718_121,0.04,0,68.2,80.9,49.7,39.8,Bold,Bold,NA,N,NA,NA,NA,NA,NA
3,1,100718_1,0.05,79,16.4,55,50.1,39.88,Bold,Bold,4_4,Y,Bold,Jul-15-18,109.2707,135.75,1.242327541
3,1,100718_1,0.05,79,16.4,55,50.1,39.88,Bold,Bold,NA,N,NA,NA,NA,NA,NA
3,55,100718_55,0.02,79.8,68.3,0,49.4,39.91,Bold,Bold,NA,N,NA,NA,NA,NA,NA
3,107,120718_107,0.08,69,75.2,10.4,51.5,40.23,Bold,Bold,NA,N,NA,NA,NA,NA,NA
2,54,090718_54,0.03,81.44,0,69,50.1,40.46,Bold,CONTINUOUS,6_6,N,Continuous,Jul-12-18,NA,1924.704533,2.64176115
2,119,080718_119,0.08,31,52,69.9,51,40.7,Bold,CONTINUOUS,6_12,N,ContinuousAmbush,Jul-12-18,633.315903,379.1033333,0.598600685
2,141,090718_141,0.09,101,12.4,41,51.5,40.83,Bold,CONTINUOUS,6_13,N,ContinuousAmbush,Jul-12-18,NA,2044.653333,3.228488853
3,184,120718_184,0.04,63,30,62.4,51.8,41.05,Bold,Bold,NA,N,NA,NA,NA,NA,NA
1,44,050718_44,0.05,24,62,75,53.7,41.25,Bold,Bold,1_5,Y,BoldAmbush,Jul-9-18,NA,702.3333333,1.463198957
3,207,130718_207,0.077,48.3,32.7,75.6,52.2,41.67,Bold,Bold,NA,N,NA,NA,NA,NA,NA
3,149,100718_149,0.02,116.7,33.9,8,52.9,41.76,Bold,Bold,NA,N,NA,NA,NA,NA,NA
2,41,090718_41,0.02,23.7,33,101.2,52.6,42.02,Bold,CONTINUOUS,6_3,N,Continuous,Jul-12-18,NA,1790.663333,2.457782347
3,172,120718_172,0.04,60,68,33,53.7,42.28,Bold,Bold,5_7,Y,BoldAmbush,Jul-15-18,167.6636,52.5,0.313127
3,172,120718_172,0.04,60,68,33,53.7,42.28,Bold,Bold,NA,N,NA,NA,NA,NA,NA
1,52,050718_52,0.08,19.17,68,78,55.1,42.79,Bold,Bold,1_5,Y,BoldAmbush,Jul-9-18,NA,990.8896333,2.06435977
2,62,090718_62,0.04,2,106,55.68,54.6,42.84,Bold,CONTINUOUS,6_6,N,Continuous,Jul-12-18,NA,2704.9408,3.712677657
2,120,090718_120,0.05,73.8,46.64,43,54.5,43.66,Bold,CONTINUOUS,6_12,N,ContinuousAmbush,Jul-12-18,NA,283.2592,0.447263678
2,107,090718_107,0.06,59,14.4,91.6,55,44.11,Bold,Bold,2_4,Y,Bold,Jul-12-18,NA,1501.96,1.70699843
3,177,120718_177,0.05,43,44.6,78.2,55.3,44.39,Bold,Bold,5_8,Y,BoldAmbush,Jul-15-18,126.4727,115.5,0.913240565
3,177,120718_177,0.05,43,44.6,78.2,55.3,44.39,Bold,Bold,NA,N,NA,NA,NA,NA,NA
2,7,090718_7,0.04,61,50,56,55.7,44.75,Bold,Bold,2_8,Y,Bold,Jul-12-18,NA,30.33333333,0.034474255
2,28,090718_28,0.08,80,87,1,56,45.03,Bold,Bold,2_13,Y,BoldAmbush,Jul-12-18,NA,2281,1.328081104
3,15,100718_15,0.02,69.8,39.7,59.6,56.4,45.18,Bold,Bold,NA,N,NA,NA,NA,NA,NA
3,227,130718_227,0.1,81.3,93.8,0,58.4,46.1,Bold,Bold,NA,N,NA,NA,NA,NA,NA
2,102,090718_102,0.12,103.35,50.16,17.8,57.1,46.14,Bold,Bold,2_2,Y,BoldAmbush,Jul-12-18,NA,1865.858033,1.086370362
2,117,080718_117,0.06,79,25,73.4,59.1,46.63,Bold,Bold,2_4,Y,Bold,Jul-12-18,879.8836447,881.6533333,1.002011276
2,97,080718_97,0.05,81.08,95.81,0,59,47.06,Bold,Bold,2_8,Y,Bold,Jul-12-18,NA,2661.749233,3.025115024
3,149,130718_149,0.06,27.3,26.9,123.8,59.3,47.07,Bold,Bold,NA,N,NA,NA,NA,NA,NA
2,106,090718_106,0.06,97,77.4,0,58.1,47.18,Bold,Bold,2_13,Y,BoldAmbush,Jul-12-18,1717.51559,2630.653333,1.531661983
3,224,130718_224,0.02,90.6,67.9,25.8,61.4,48.33,Bold,Bold,NA,N,NA,NA,NA,NA,NA
2,11,090718_11,0.03,71,94,16,60.3,48.5,Bold,Bold,3_5,Y,ShyAmbush,Jul-12-18,NA,1606.333333,1.124638836
3,66,100718_66,0.16,87.2,0,96.4,61.2,49,Bold,Bold,5_9,Y,Bold,Jul-15-18,103.4767,249.9444,2.415465511
3,66,100718_66,0.16,87.2,0,96.4,61.2,49,Bold,Bold,NA,N,NA,NA,NA,NA,NA
3,183,120718_183,0.05,68.7,60.4,58.3,62.5,49.04,Bold,Bold,NA,N,NA,NA,NA,NA,NA
3,141,130718_141,0.02,64.4,84.5,39,62.7,49.53,Bold,Bold,5_8,Y,BoldAmbush,Jul-15-18,126.4727,78.8611,0.623542472
3,141,130718_141,0.02,64.4,84.5,39,62.7,49.53,Bold,Bold,NA,N,NA,NA,NA,NA,NA
2,104,090718_104,0.07,35.6,95.63,56.34,62.5,49.54,Bold,Bold,3_9,Y,Bold,Jul-12-18,NA,929.5754333,1.141721419
1,28,050718_28,0.04,58.23,61,68,62.4,49.93,Bold,Bold,1_2,Y,Bold,Jul-9-18,NA,25.3543,0.026795499
2,37,090718_37,0.04,34.5,104,51.62,63.4,50.38,Bold,Bold,3_12,Y,BoldAmbush,Jul-12-18,NA,1311.168133,1.263156896
1,140,060718_140,0.03,76,28,93,65.7,50.5,Bold,Bold,1_14,Y,Bold,Jul-9-18,NA,1136.333333,1.200925228
2,100,090718_100,0.05,78.9,9,103,63.6,50.9,Bold,Bold,3_14,Y,Bold,Jul-12-18,NA,2383.803333,2.927830519
1,120,050718_120,0.03,74.6,77,48,66.5,51.78,Bold,Bold,1_11,Y,BoldAmbush,Jul-9-18,NA,259.0533333,0.539696109
2,68,080718_68,0.03,68,70.49,58.75,65.7,51.84,Bold,Bold,3_14,Y,Bold,Jul-12-18,814.1876102,38.26503333,0.046997808
2,40,090718_40,0.15,0,71.26,127.8,66.4,52.06,Bold,Bold,3_12,Y,BoldAmbush,Jul-12-18,NA,4101.266533,3.951089849
3,198,120718_198,0.02,64,56.6,80,66.9,52.2,Bold,Bold,NA,N,NA,NA,NA,NA,NA
3,221,130718_221,0.04,61,85,55,67,52.31,Bold,Bold,4_14,Y,BoldAmbush,Jul-15-18,124.7979,50.5,0.404654245
3,221,130718_221,0.04,61,85,55,67,52.31,Bold,Bold,NA,N,NA,NA,NA,NA,NA
2,134,090718_134,0.01,58.95,74.72,65.38,66.4,52.39,Bold,Bold,3_9,Y,Bold,Jul-12-18,NA,62.8789,0.077229006
3,161,120718_161,0.03,76,44.7,79.8,66.8,52.42,Bold,Bold,4_8,Y,Bold,Jul-15-18,130.4525,161,1.234165692
3,161,120718_161,0.03,76,44.7,79.8,66.8,52.42,Bold,Bold,NA,N,NA,NA,NA,NA,NA
3,107,100718_107,0.06,88.4,51.2,59.8,66.5,52.5,Bold,Bold,NA,N,NA,NA,NA,NA,NA
2,89,090718_89,0.07,109,50,46.5,68.5,52.61,Bold,Bold,3_5,Y,ShyAmbush,Jul-12-18,NA,1233.25,0.863432773
2,139,090718_139,0.02,99,70,31.81,66.9,52.75,Bold,Bold,2_13,Y,BoldAmbush,Jul-12-18,NA,1135.662033,0.661223712
2,49,080718_49,0.01,92.7,91.5,22.74,69,52.83,Bold,Bold,2_8,Y,Bold,Jul-12-18,NA,1603.9632,1.822926485
1,9,050718_9,0.08,83.3,65,56,68.1,52.95,Bold,Bold,1_2,Y,Bold,Jul-9-18,NA,193.53,0.204530706
3,114,120718_114,0.03,60.4,83,63.8,69.1,53.14,Bold,Bold,NA,N,NA,NA,NA,NA,NA
2,69,090718_69,0.06,60.7,62,81,67.9,53.34,Bold,Bold,2_4,Y,Bold,Jul-12-18,NA,129.13,0.146758041
2,55,090718_55,0.05,75.6,0,127,67.5,53.82,Bold,Bold,2_2,Y,BoldAmbush,Jul-12-18,NA,4081.053333,2.376137578
3,138,100718_138,0.04,47.2,72.3,88.4,69.3,54.14,Bold,Bold,NA,N,NA,NA,NA,NA,NA
2,124,090718_124,0.07,122,71,17,70,54.98,Bold,Bold,2_2,Y,BoldAmbush,Jul-12-18,NA,2757,1.605225604
2,118,080718_118,0.05,73.8,80,59.77,71.2,55.42,Bold,Bold,2_4,Y,Bold,Jul-12-18,NA,107.4223,0.122086938
2,99,090718_99,0.03,102,3.23,107.21,70.8,55.45,Bold,Bold,2_8,Y,Bold,Jul-12-18,NA,3432.416233,3.900988789
2,44,090718_44,0.07,106,37.5,72.23,71.9,56.08,Bold,Bold,2_13,Y,BoldAmbush,Jul-12-18,NA,1173.1393,0.683044339
3,101,120718_101,0.02,65.1,74.4,79.4,73,56.41,Bold,Bold,4_4,Y,Bold,Jul-15-18,109.2707,55.1111,0.504353866
3,101,120718_101,0.02,65.1,74.4,79.4,73,56.41,Bold,Bold,NA,N,NA,NA,NA,NA,NA
3,113,130718_113,0.04,100.1,67.9,47.2,71.7,56.56,Bold,Bold,NA,N,NA,NA,NA,NA,NA
3,142,130718_142,0.03,63.1,78.6,75.2,72.3,56.98,Bold,Bold,4_4,Y,Bold,Jul-15-18,109.2707,28.6111,0.261836888
3,142,130718_142,0.03,63.1,78.6,75.2,72.3,56.98,Bold,Bold,NA,N,NA,NA,NA,NA,NA
3,8,100718_8,0.02,57,94.9,66.1,72.7,56.99,Bold,Bold,4_6,Y,BoldAmbush,Jul-15-18,119.4767,112.1944,0.939048367
3,8,100718_8,0.02,57,94.9,66.1,72.7,56.99,Bold,Bold,NA,N,NA,NA,NA,NA,NA
2,116,080718_116,0.01,105.9,58.72,57.61,74.1,57.22,Bold,Bold,3_5,Y,ShyAmbush,Jul-12-18,NA,759.8514333,0.531993213
3,43,120718_43,0.06,73,63.2,85.3,73.8,57.94,Bold,Bold,NA,N,NA,NA,NA,NA,NA
3,43,100718_43,0.05,75.2,75,74,74.7,58.19,Bold,Bold,NA,N,NA,NA,NA,NA,NA
2,42,090718_42,0.05,51,92.83,80.4,74.7,58.36,Bold,Bold,3_9,Y,Bold,Jul-12-18,NA,461.4356333,0.56674362
2,45,080718_45,0.04,89,60,73.6,74.2,58.45,Bold,Bold,3_12,Y,BoldAmbush,Jul-12-18,NA,210.52,0.202811358
1,3,050718_3,0.04,68.56,58,95,73.9,58.77,Bold,Bold,1_2,Y,Bold,Jul-9-18,NA,363.2645333,0.383913355
3,223,130718_223,0.05,69.7,82,79,76.9,59.16,Bold,Bold,NA,N,NA,NA,NA,NA,NA
2,101,090718_101,0.05,112.57,26.6,87.32,75.5,59.3,Bold,Bold,3_14,Y,Bold,Jul-12-18,NA,1952.553633,2.39816181
3,37,120718_37,0.07,74,81,71,75.3,59.3,Bold,Bold,NA,N,NA,NA,NA,NA,NA
3,52,120718_52,0.03,65.2,79.1,89.4,77.9,60.78,Bold,Bold,NA,N,NA,NA,NA,NA,NA
1,134,060718_134,0.04,29.09,84,123,78.7,61.02,Bold,Bold,1_14,Y,Bold,Jul-9-18,NA,2225.866033,2.352389563
2,52,090718_52,0.06,75,75.2,86,78.7,61.69,Bold,Bold,3_12,Y,BoldAmbush,Jul-12-18,NA,39.61333333,0.038162806
2,132,090718_132,0.07,101,55,82,79.3,62.29,Bold,Bold,3_9,Y,Bold,Jul-12-18,NA,534.3333333,0.656277898
3,80,100718_80,0.07,110.2,101.7,26,79.3,62.4,Bold,Bold,NA,N,NA,NA,NA,NA,NA
2,125,090718_125,0.04,87,70,86.9,81.3,62.63,Bold,Bold,3_5,Y,ShyAmbush,Jul-12-18,NA,95.77,0.067051252
2,138,090718_138,0.02,95,114,31.81,80.3,62.68,Bold,Bold,2_13,Y,BoldAmbush,Jul-12-18,NA,1851.5287,1.078027304
3,157,120718_157,0.12,67.5,100.2,77,81.5,62.86,Bold,Bold,4_14,Y,BoldAmbush,Jul-15-18,124.7979,129.5277,1.037899676
3,157,120718_157,0.12,67.5,100.2,77,81.5,62.86,Bold,Bold,NA,N,NA,NA,NA,NA,NA
2,46,090718_46,0.06,107,52.6,84.75,81.5,63.45,Bold,Bold,2_8,Y,Bold,Jul-12-18,NA,748.0075,0.850120927
2,88,090718_88,0.07,86,99,64.5,83.2,64.3,Bold,Bold,2_4,Y,Bold,Jul-12-18,NA,303.5833333,0.345026681
2,78,090718_78,0.06,142,54.83,58,84.9,66.43,Bold,Bold,2_2,Y,BoldAmbush,Jul-12-18,NA,2444.109633,1.423049461
2,148,080718_148,0.04,88.5,72.74,103.12,88.1,68.15,Bold,Bold,3_5,Y,ShyAmbush,Jul-12-18,NA,230.8444,0.161620613
3,51,100718_51,0.04,109.9,82,81,91,70.09,Bold,Bold,NA,N,NA,NA,NA,NA,NA
2,51,090718_51,0.05,121,99.4,58.13,92.8,71.85,Bold,Bold,3_14,Y,Bold,Jul-12-18,NA,1020.401633,1.253275806
3,28,100718_28,0.05,45,225,5,91.7,72.46,Bold,Bold,NA,N,NA,NA,NA,NA,NA
2,36,080718_36,0.03,73,119,93,95,73.59,Bold,Bold,3_9,Y,Bold,Jul-12-18,NA,532,0.653412056
3,237,130718_237,0.07,95,126.9,63.9,95.3,73.77,Bold,Bold,NA,N,NA,NA,NA,NA,NA
3,129,120718_129,0.03,81.1,102.4,106.3,96.6,74.48,Bold,Bold,5_7,Y,BoldAmbush,Jul-15-18,167.6636,259.4444,1.54741041
3,129,120718_129,0.03,81.1,102.4,106.3,96.6,74.48,Bold,Bold,NA,N,NA,NA,NA,NA,NA
3,27,100718_27,0.05,110,87,91.7,96.2,74.72,Bold,Bold,4_6,Y,BoldAmbush,Jul-15-18,119.4767,41.0277,0.343394988
3,27,100718_27,0.05,110,87,91.7,96.2,74.72,Bold,Bold,NA,N,NA,NA,NA,NA,NA
3,30,100718_30,0.02,179,63.5,47,96.5,75.08,Bold,Bold,NA,N,NA,NA,NA,NA,NA
3,202,130718_202,0.092,148.5,73.8,74.4,98.9,76.95,Bold,Bold,NA,N,NA,NA,NA,NA,NA
3,132,100718_132,0.02,127.5,105,63.7,98.8,77.06,Bold,Bold,5_14,Y,Bold,Jul-15-18,159.2404,256,1.607632234
3,132,100718_132,0.02,127.5,105,63.7,98.8,77.06,Bold,Bold,NA,N,NA,NA,NA,NA,NA
2,146,080718_146,0.04,104.25,116,81,100.4,77.14,Bold,Bold,3_12,Y,BoldAmbush,Jul-12-18,1038.008927,317.2708333,0.30565328
3,181,130718_181,0.102,97.1,85.2,117.8,100,77.48,Bold,Bold,NA,N,NA,NA,NA,NA,NA
3,151,100718_151,0.07,121.8,56.9,137.9,105.6,81.54,Bold,Bold,NA,N,NA,NA,NA,NA,NA
2,109,090718_109,0.1,136,97.8,93.9,109.2,84.46,Bold,Bold,3_14,Y,Bold,Jul-12-18,NA,541.1433333,0.664642063
2,79,090718_79,0.02,141,113,80,111.3,85.87,Bold,Bold,2_2,Y,BoldAmbush,Jul-12-18,NA,932.3333333,0.542838353